sn,State_LGD,DISTRICT_L,FID_1,District_1,STATE
1,35,603,267,NICOBAR,ANDAMAN & NICOBAR
2,35,632,271,NORTH MIDDLE ANDAMAN,ANDAMAN & NICOBAR
3,35,602,346,SOUTH ANDAMAN,ANDAMAN & NICOBAR
4,28,502,24,ANANTAPUR,ANDHRA PRADESH
5,28,503,96,CHITTOOR,ANDHRA PRADESH
6,28,504,99,Y S R KADAPA,ANDHRA PRADESH
7,28,505,130,EAST GODAVARI,ANDHRA PRADESH
8,28,506,155,GUNTUR,ANDHRA PRADESH
9,28,510,227,KRISHNA,ANDHRA PRADESH
10,28,511,229,KURNOOL,ANDHRA PRADESH
11,28,515,265,POTTI SRIRAMULU NELLORE,ANDHRA PRADESH
12,28,517,287,PRAKASAM,ANDHRA PRADESH
13,28,519,351,SRIKAKULAM,ANDHRA PRADESH
14,28,520,378,VISAKHAPATNAM,ANDHRA PRADESH
15,28,521,379,VIZIANAGARAM,ANDHRA PRADESH
16,28,523,384,WEST GODAVARI,ANDHRA PRADESH
17,12,628,447,ANJAW,ARUNACHAL PRADESH
18,12,229,469,CHANGLANG,ARUNACHAL PRADESH
19,12,230,474,DIBANG VALLEY,ARUNACHAL PRADESH
20,12,231,476,EAST KAMENG,ARUNACHAL PRADESH
21,12,233,519,KURUNG KUMEY,ARUNACHAL PRADESH
22,12,234,523,LOHIT,ARUNACHAL PRADESH
23,12,235,524,LOWER DIBANG VALLEY,ARUNACHAL PRADESH
24,12,237,558,PAPUMPARE,ARUNACHAL PRADESH
25,12,238,598,TAWANG,ARUNACHAL PRADESH
26,12,239,601,TIRAP,ARUNACHAL PRADESH
27,12,240,603,UPPER SIANG,ARUNACHAL PRADESH
28,12,241,604,UPPER SUBANSIRI,ARUNACHAL PRADESH
29,12,242,611,WEST KAMENG,ARUNACHAL PRADESH
30,12,719,612,LOWER SIANG,ARUNACHAL PRADESH
31,12,236,623,LOWER SUBANSIRI,ARUNACHAL PRADESH
32,12,679,635,SIANG,ARUNACHAL PRADESH
33,12,243,636,WEST SIANG,ARUNACHAL PRADESH
34,12,725,637,SHI YOMI,ARUNACHAL PRADESH
35,12,724,638,LEPA RADA,ARUNACHAL PRADESH
36,12,723,639,PAKKE KESSANG,ARUNACHAL PRADESH
37,12,677,640,KRA DAADI,ARUNACHAL PRADESH
38,12,678,641,NAMSAI,ARUNACHAL PRADESH
39,12,718,642,KAMLE,ARUNACHAL PRADESH
40,12,232,665,EAST SIANG,ARUNACHAL PRADESH
41,12,666,666,LONGDING,ARUNACHAL PRADESH
42,18,616,709,BAKSA,ASSAM
43,18,280,710,BARPETA,ASSAM
44,18,705,711,BISWANATH,ASSAM
45,18,281,712,BONGAIGAON,ASSAM
46,18,282,713,CACHAR,ASSAM
47,18,708,714,CHARAIDEO,ASSAM
48,18,612,715,CHIRANG,ASSAM
49,18,283,716,DARRANG,ASSAM
50,18,284,717,DHEMAJI,ASSAM
51,18,285,718,DHUBRI,ASSAM
52,18,286,719,DIBRUGARH,ASSAM
53,18,299,720,DIMA HASAO,ASSAM
54,18,287,721,GOALPARA,ASSAM
55,18,288,722,GOLAGHAT,ASSAM
56,18,289,723,HAILAKANDI,ASSAM
57,18,709,724,HOJAI,ASSAM
58,18,290,725,JORHAT,ASSAM
59,18,618,726,KAMRUP METRO,ASSAM
60,18,291,727,KAMRUP RURAL,ASSAM
61,18,292,728,KARBI ANGLONG,ASSAM
62,18,293,729,KARIMGANJ,ASSAM
63,18,294,730,KOKRAJHAR,ASSAM
64,18,295,731,LAKHIMPUR,ASSAM
65,18,706,732,MAJULI,ASSAM
66,18,296,733,MARIGAON,ASSAM
67,18,297,734,NAGAON,ASSAM
68,18,298,735,NALBARI,ASSAM
69,18,300,736,SIBSAGAR,ASSAM
70,18,301,737,SONITPUR,ASSAM
71,18,707,738,SOUTH SALMARA MANCACHAR,ASSAM
72,18,302,739,TINSUKIA,ASSAM
73,18,617,740,UDALGURI,ASSAM
74,18,710,741,WEST KARBI ANGLONG,ASSAM
75,10,188,448,ARARIA,BIHAR
76,10,611,449,ARWAL,BIHAR
77,10,189,450,AURANGABAD,BIHAR
78,10,190,452,BANKA,BIHAR
79,10,191,457,BEGUSARAI,BIHAR
80,10,200,458,KAIMUR,BIHAR
81,10,192,459,BHAGALPUR,BIHAR
82,10,193,462,BHOJPUR,BIHAR
83,10,194,466,BUXAR,BIHAR
84,10,195,471,DARBHANGA,BIHAR
85,10,196,485,GAYA,BIHAR
86,10,197,487,GOPALGANJ,BIHAR
87,10,199,496,JAHANABAD,BIHAR
88,10,198,501,JAMUI,BIHAR
89,10,201,508,KATIHAR,BIHAR
90,10,202,509,KHAGARIA,BIHAR
91,10,203,514,KISHANGANJ,BIHAR
92,10,204,521,LAKHISARAI,BIHAR
93,10,205,526,MADHEPURA,BIHAR
94,10,206,527,MADHUBANI,BIHAR
95,10,207,539,MUNGER,BIHAR
96,10,208,541,MUZAFFARPUR,BIHAR
97,10,209,544,NALANDA,BIHAR
98,10,210,549,NAWADA,BIHAR
99,10,211,560,PASHCHIMI CHAMPARAN,BIHAR
100,10,212,564,PATNA,BIHAR
101,10,213,567,PURBI CHAMPARAN,BIHAR
102,10,214,568,PURNIA,BIHAR
103,10,215,575,ROHTAS,BIHAR
104,10,216,577,SAHARSA,BIHAR
105,10,217,578,SAMASTIPUR,BIHAR
106,10,218,581,SARAN,BIHAR
107,10,219,585,SHEIKHPURA,BIHAR
108,10,220,586,SHEOHAR,BIHAR
109,10,221,589,SITAMARHI,BIHAR
110,10,222,590,SIWAN,BIHAR
111,10,223,595,SUPAUL,BIHAR
112,10,224,607,VAISHALI,BIHAR
113,4,44,86,CHANDIGARH,CHANDIGARH
114,22,646,41,BALOD,CHHATTISGARH
115,22,644,42,BALODA BAZAR,CHHATTISGARH
116,22,649,43,BALRAMPUR,CHHATTISGARH
117,22,374,54,BASTAR,CHHATTISGARH
118,22,650,57,BEMETARA,CHHATTISGARH
119,22,636,68,BIJAPUR,CHHATTISGARH
120,22,375,71,BILASPUR,CHHATTISGARH
121,22,734,72,GAURELA PENDRA MARWAHI,CHHATTISGARH
122,22,376,106,DAKSHIN BASTAR DANTEWADA,CHHATTISGARH
123,22,377,115,DHAMTARI,CHHATTISGARH
124,22,378,126,DURG,CHHATTISGARH
125,22,645,143,GARIYABAND,CHHATTISGARH
126,22,379,180,JANJGIR CHAMPA,CHHATTISGARH
127,22,380,181,JASHPUR,CHHATTISGARH
128,22,382,191,KABIRDHAM,CHHATTISGARH
129,22,381,196,UTTAR BASTAR KANKER,CHHATTISGARH
130,22,643,219,KONDAGAON,CHHATTISGARH
131,22,383,222,KORBA,CHHATTISGARH
132,22,384,223,KOREA,CHHATTISGARH
133,22,385,236,MAHASAMUND,CHHATTISGARH
134,22,647,255,MUNGELI,CHHATTISGARH
135,22,637,261,NARAINPUR,CHHATTISGARH
136,22,386,296,RAIGARH,CHHATTISGARH
137,22,387,297,RAIPUR,CHHATTISGARH
138,22,388,299,RAJ NANDGAON,CHHATTISGARH
139,22,642,353,SUKMA,CHHATTISGARH
140,22,648,356,SURAJPUR,CHHATTISGARH
141,22,389,357,SURGUJA,CHHATTISGARH
142,38,463,103,DAMAN,DADRA NAGAR HAVELI DAMAN DIU
143,38,464,431,DIU,DADRA NAGAR HAVELI DAMAN DIU
144,38,465,708,DADRA & NAGAR HAVELI,DADRA NAGAR HAVELI DAMAN DIU
145,7,77,79,CENTRAL,DELHI
146,7,78,127,EAST,DELHI
147,7,79,266,NEW DELHI,DELHI
148,7,80,269,NORTH,DELHI
149,7,81,272,NORTH EAST,DELHI
150,7,82,275,NORTH WEST,DELHI
151,7,671,324,SHAHADRA,DELHI
152,7,83,344,SOUTH,DELHI
153,7,84,350,SOUTH WEST,DELHI
154,7,85,382,WEST,DELHI
155,7,670,405,SOUTH EAST,DELHI
156,30,551,273,NORTH GOA,GOA
157,30,552,348,SOUTH GOA,GOA
158,24,673,0,MORBI,GUJARAT
159,24,438,1,AHMADABAD,GUJARAT
160,24,440,2,ANAND,GUJARAT
161,24,674,3,DEVBHUMI DWARKA,GUJARAT
162,24,447,4,JAMNAGAR,GUJARAT
163,24,449,5,KACHCHH,GUJARAT
164,24,443,6,BHAVNAGAR,GUJARAT
165,24,442,7,BHARUCH,GUJARAT
166,24,459,8,SURAT,GUJARAT
167,24,453,9,NAVSARI,GUJARAT
168,24,462,10,VALSAD,GUJARAT
169,24,672,27,ARAVALLI,GUJARAT
170,24,441,45,BANAS KANTHA,GUJARAT
171,24,668,90,CHHOTA UDEPUR,GUJARAT
172,24,445,101,DAHOD,GUJARAT
173,24,444,105,DANGS,GUJARAT
174,24,675,147,GIR SOMNATH,GUJARAT
175,24,448,190,JUNAGADH,GUJARAT
176,24,669,238,MAHISAGAR,GUJARAT
177,24,452,262,NARMADA,GUJARAT
178,24,454,281,PANCH MAHALS,GUJARAT
179,24,458,310,SABAR KANTHA,GUJARAT
180,24,641,358,TAPI,GUJARAT
181,24,461,374,VADODARA,GUJARAT
182,24,439,430,AMRELI,GUJARAT
183,24,456,432,PORBANDAR,GUJARAT
184,24,457,433,RAJKOT,GUJARAT
185,24,460,434,SURENDRANAGAR,GUJARAT
186,24,676,435,BOTAD,GUJARAT
187,24,450,436,KHEDA,GUJARAT
188,24,451,437,MAHESANA,GUJARAT
189,24,446,438,GANDHINAGAR,GUJARAT
190,24,455,439,PATAN,GUJARAT
191,6,58,445,AMBALA,HARYANA
192,6,59,461,BHIWANI,HARYANA
193,6,60,478,FARIDABAD,HARYANA
194,6,61,480,FATEHABAD,HARYANA
195,6,62,489,GURUGRAM,HARYANA
196,6,63,492,HISAR,HARYANA
197,6,64,502,JHAJJAR,HARYANA
198,6,65,503,JIND,HARYANA
199,6,66,504,KAITHAL,HARYANA
200,6,67,507,KARNAL,HARYANA
201,6,68,518,KURUKSHETRA,HARYANA
202,6,69,530,MAHENDRAGARH,HARYANA
203,6,604,534,MEWAT,HARYANA
204,6,619,555,PALWAL,HARYANA
205,6,70,556,PANCHKULA,HARYANA
206,6,71,557,PANIPAT,HARYANA
207,6,72,573,REWARI,HARYANA
208,6,73,574,ROHTAK,HARYANA
209,6,74,588,SIRSA,HARYANA
210,6,75,592,SONIPAT,HARYANA
211,6,76,613,YAMUNANAGAR,HARYANA
212,6,701,630,CHARKHI DADRI,HARYANA
213,2,15,73,BILASPUR,HIMACHAL PRADESH
214,2,16,81,CHAMBA,HIMACHAL PRADESH
215,2,17,157,HAMIRPUR,HIMACHAL PRADESH
216,2,18,195,KANGRA,HIMACHAL PRADESH
217,2,20,228,KULLU,HIMACHAL PRADESH
218,2,22,245,MANDI,HIMACHAL PRADESH
219,2,23,330,SHIMLA,HIMACHAL PRADESH
220,2,24,339,SIRMAUR,HIMACHAL PRADESH
221,2,25,342,SOLAN,HIMACHAL PRADESH
222,2,26,370,UNA,HIMACHAL PRADESH
223,2,19,511,KINNAUR,HIMACHAL PRADESH
224,2,21,520,LAHUL & SPITI,HIMACHAL PRADESH
225,1,,396,MIRPUR,JAMMU AND KASHMIR
226,1,,397,MUZAFFARABAD,JAMMU AND KASHMIR
227,1,10,398,PUNCH,JAMMU AND KASHMIR
228,1,1,399,ANANTNAG,JAMMU AND KASHMIR
229,1,3,400,BARAMULA,JAMMU AND KASHMIR
230,1,7,401,KATHUA,JAMMU AND KASHMIR
231,1,14,402,UDHAMPUR,JAMMU AND KASHMIR
232,1,2,411,BADGAM,JAMMU AND KASHMIR
233,1,623,412,BANDIPURA,JAMMU AND KASHMIR
234,1,626,413,GANDERBAL,JAMMU AND KASHMIR
235,1,622,414,KULGAM,JAMMU AND KASHMIR
236,1,8,415,KUPWARA,JAMMU AND KASHMIR
237,1,11,416,PULWAMA,JAMMU AND KASHMIR
238,1,12,417,RAJAURI,JAMMU AND KASHMIR
239,1,621,418,RAMBAN,JAMMU AND KASHMIR
240,1,627,419,RIASI,JAMMU AND KASHMIR
241,1,625,420,SHUPIYAN,JAMMU AND KASHMIR
242,1,13,421,SRINAGAR,JAMMU AND KASHMIR
243,1,620,424,KISHTWAR,JAMMU AND KASHMIR
244,1,4,425,DODA,JAMMU AND KASHMIR
245,1,624,426,SAMBA,JAMMU AND KASHMIR
246,1,5,622,JAMMU,JAMMU AND KASHMIR
247,20,322,75,BOKARO,JHARKHAND
248,20,323,87,CHATRA,JHARKHAND
249,20,325,116,DHANBAD,JHARKHAND
250,20,324,119,DEOGHAR,JHARKHAND
251,20,326,124,DUMKA,JHARKHAND
252,20,328,142,GARHWA,JHARKHAND
253,20,329,148,GIRIDIH,JHARKHAND
254,20,330,149,GODDA,JHARKHAND
255,20,331,153,GUMLA,JHARKHAND
256,20,332,167,HAZARIBAGH,JHARKHAND
257,20,333,179,JAMTARA,JHARKHAND
258,20,606,212,KHUNTI,JHARKHAND
259,20,334,216,KODARMA,JHARKHAND
260,20,335,233,LATEHAR,JHARKHAND
261,20,336,234,LOHARDAGA,JHARKHAND
262,20,337,277,PAKUR,JHARKHAND
263,20,338,279,PALAMU,JHARKHAND
264,20,343,283,WEST SINGHBHUM,JHARKHAND
265,20,327,292,EAST SINGHBHUM,JHARKHAND
266,20,607,302,RAMGARH,JHARKHAND
267,20,339,305,RANCHI,JHARKHAND
268,20,340,313,SAHIBGANJ,JHARKHAND
269,20,341,318,SARAIKELA KHARSAWAN,JHARKHAND
270,20,342,337,SIMDEGA,JHARKHAND
271,29,524,32,BAGALKOT,KARNATAKA
272,29,528,39,BALLARI,KARNATAKA
273,29,527,56,BELAGAVI,KARNATAKA
274,29,526,58,BENGALURU RURAL,KARNATAKA
275,29,525,59,BENGALURU URBAN,KARNATAKA
276,29,529,67,BIDAR,KARNATAKA
277,29,531,80,CHAMARAJANAGAR,KARNATAKA
278,29,630,91,CHIK BALLAPUR,KARNATAKA
279,29,532,92,CHIKKAMAGALURU,KARNATAKA
280,29,533,93,CHITRADURGA,KARNATAKA
281,29,534,102,DAKSHINA  KANNADA,KARNATAKA
282,29,535,109,DAVANGERE,KARNATAKA
283,29,536,120,DHARWAD,KARNATAKA
284,29,537,139,GADAG,KARNATAKA
285,29,539,164,HASSAN,KARNATAKA
286,29,540,166,HAVERI,KARNATAKA
287,29,538,192,KALABURAGI,KARNATAKA
288,29,541,215,KODAGU,KARNATAKA
289,29,542,217,KOLAR,KARNATAKA
290,29,543,220,KOPPAL,KARNATAKA
291,29,544,244,MANDYA,KARNATAKA
292,29,545,257,MYSURU,KARNATAKA
293,29,546,295,RAICHUR,KARNATAKA
294,29,631,303,RAMANAGARAM,KARNATAKA
295,29,547,331,SHIVAMOGGA,KARNATAKA
296,29,548,364,TUMAKURU,KARNATAKA
297,29,549,367,UDUPI,KARNATAKA
298,29,550,373,UTTARA  KANNADA,KARNATAKA
299,29,530,377,VIJAYAPURA,KARNATAKA
300,29,635,388,YADGIR,KARNATAKA
301,32,554,15,ALAPPUZHA,KERALA
302,32,555,133,ERNAKULAM,KERALA
303,32,556,169,IDUKKI,KERALA
304,32,557,198,KANNUR,KERALA
305,32,558,203,KASARAGOD,KERALA
306,32,559,218,KOLLAM,KERALA
307,32,560,225,KOTTAYAM,KERALA
308,32,561,226,KOZHIKODE,KERALA
309,32,562,241,MALAPPURAM,KERALA
310,32,563,278,PALAKKAD,KERALA
311,32,564,284,PATTANAMTHITTA,KERALA
312,32,565,360,THIRUVANANTHAPURAM,KERALA
313,32,566,361,TRISSUR,KERALA
314,32,567,380,WAYANAD,KERALA
315,37,9,422,LEH,LADAKH
316,37,6,423,KARGIL,LADAKH
317,31,553,231,LAKSHADWEEP,LAKSHADWEEP
318,23,667,11,AGAR MALWA,MADHYA PRADESH
319,23,639,17,ALIRAJPUR,MADHYA PRADESH
320,23,390,26,ANUPPUR,MADHYA PRADESH
321,23,391,28,ASHOKNAGAR,MADHYA PRADESH
322,23,392,36,BALAGHAT,MADHYA PRADESH
323,23,393,53,BARWANI,MADHYA PRADESH
324,23,394,60,BETUL,MADHYA PRADESH
325,23,395,65,BHIND,MADHYA PRADESH
326,23,396,66,BHOPAL,MADHYA PRADESH
327,23,397,78,BURHANPUR,MADHYA PRADESH
328,23,398,88,CHHATARPUR,MADHYA PRADESH
329,23,399,89,CHHINDWARA,MADHYA PRADESH
330,23,400,104,DAMOH,MADHYA PRADESH
331,23,401,107,DATIA,MADHYA PRADESH
332,23,402,113,DEWAS,MADHYA PRADESH
333,23,403,117,DHAR,MADHYA PRADESH
334,23,404,123,DINDORI,MADHYA PRADESH
335,23,405,132,EAST NIMAR,MADHYA PRADESH
336,23,406,154,GUNA,MADHYA PRADESH
337,23,407,156,GWALIOR,MADHYA PRADESH
338,23,408,161,HARDA,MADHYA PRADESH
339,23,409,168,HOSHANGABAD,MADHYA PRADESH
340,23,410,171,INDORE,MADHYA PRADESH
341,23,411,172,JABALPUR,MADHYA PRADESH
342,23,412,183,JHABUA,MADHYA PRADESH
343,23,413,205,KATNI,MADHYA PRADESH
344,23,415,246,MANDLA,MADHYA PRADESH
345,23,416,247,MANDSAUR,MADHYA PRADESH
346,23,417,254,MORENA,MADHYA PRADESH
347,23,418,263,NARSHIMAPURA,MADHYA PRADESH
348,23,419,268,NIMACH,MADHYA PRADESH
349,23,420,282,PANNA,MADHYA PRADESH
350,23,421,298,RAISEN,MADHYA PRADESH
351,23,422,300,RAJGARH,MADHYA PRADESH
352,23,423,306,RATLAM,MADHYA PRADESH
353,23,424,308,REWA,MADHYA PRADESH
354,23,425,311,SAGAR,MADHYA PRADESH
355,23,426,319,SATNA,MADHYA PRADESH
356,23,427,321,SEHORE,MADHYA PRADESH
357,23,428,322,SEONI,MADHYA PRADESH
358,23,429,325,SHAHDOL,MADHYA PRADESH
359,23,430,327,SHAJAPUR,MADHYA PRADESH
360,23,431,329,SHEOPUR,MADHYA PRADESH
361,23,432,332,SHIVPURI,MADHYA PRADESH
362,23,433,335,SIDHI,MADHYA PRADESH
363,23,638,338,SINGRAULI,MADHYA PRADESH
364,23,434,362,TIKAMGARH,MADHYA PRADESH
365,23,435,368,UJJAIN,MADHYA PRADESH
366,23,436,369,UMARIA,MADHYA PRADESH
367,23,437,376,VIDISHA,MADHYA PRADESH
368,23,414,386,WEST NIMAR,MADHYA PRADESH
369,23,722,429,NIVARI,MADHYA PRADESH
370,27,466,441,AHAMADNAGAR,MAHARASHTRA
371,27,467,442,AKOLA,MAHARASHTRA
372,27,468,444,AMARAVATI,MAHARASHTRA
373,27,469,451,AURANGABAD,MAHARASHTRA
374,27,471,460,BHANDARA,MAHARASHTRA
375,27,470,463,BID,MAHARASHTRA
376,27,472,465,BULDHANA,MAHARASHTRA
377,27,473,468,CHANDRAPUR,MAHARASHTRA
378,27,474,473,DHULE,MAHARASHTRA
379,27,475,484,GADCHIROLI,MAHARASHTRA
380,27,476,486,GONDIA,MAHARASHTRA
381,27,477,491,HINGOLI,MAHARASHTRA
382,27,478,498,JALGAON,MAHARASHTRA
383,27,479,499,JALNA,MAHARASHTRA
384,27,480,516,KOLHAPUR,MAHARASHTRA
385,27,481,522,LATUR,MAHARASHTRA
386,27,482,538,MUMBAI CITY,MAHARASHTRA
387,27,484,543,NAGPUR,MAHARASHTRA
388,27,485,546,NANDED,MAHARASHTRA
389,27,486,547,NANDURBAR,MAHARASHTRA
390,27,487,548,NASHIK,MAHARASHTRA
391,27,488,553,USMANABAD,MAHARASHTRA
392,27,665,554,PALGHAR,MAHARASHTRA
393,27,489,559,PARBHANI,MAHARASHTRA
394,27,490,566,PUNE,MAHARASHTRA
395,27,491,570,RAYGAD,MAHARASHTRA
396,27,492,572,RATNAGIRI,MAHARASHTRA
397,27,493,579,SANGLI,MAHARASHTRA
398,27,494,583,SATARA,MAHARASHTRA
399,27,495,587,SINDHUDURG,MAHARASHTRA
400,27,496,591,SOLAPUR,MAHARASHTRA
401,27,483,594,SUB URBAN MUMBAI,MAHARASHTRA
402,27,497,599,THANE,MAHARASHTRA
403,27,498,609,WARDHA,MAHARASHTRA
404,27,499,610,WASHIM,MAHARASHTRA
405,27,500,614,YAVATMAL,MAHARASHTRA
406,14,252,74,BISHNUPUR,MANIPUR
407,14,253,85,CHANDEL,MANIPUR
408,14,254,97,CHURACHANDPUR,MANIPUR
409,14,256,170,IMPHAL WEST,MANIPUR
410,14,255,427,IMPHAL EAST,MANIPUR
411,14,713,428,JIRIBAM,MANIPUR
412,14,260,512,UKHRUL,MANIPUR
413,14,257,584,SENAPATI,MANIPUR
414,14,258,596,TAMENGLONG,MANIPUR
415,14,259,600,THOUBAL,MANIPUR
416,14,717,602,KAMJONG,MANIPUR
417,14,714,625,NONEI,MANIPUR
418,14,715,626,PHERZAWL,MANIPUR
419,14,716,627,TENGNOUPAL,MANIPUR
420,14,712,628,KANGPOKPI,MANIPUR
421,14,711,629,KAKCHING,MANIPUR
422,17,273,129,EAST GARO HILLS,MEGHALAYA
423,17,274,131,EAST KHASI HILLS,MEGHALAYA
424,17,657,214,EAST JAINTIA HILLS,MEGHALAYA
425,17,277,347,SOUTH GARO HILLS,MEGHALAYA
426,17,278,383,WEST GARO HILLS,MEGHALAYA
427,17,279,385,WEST KHASI HILLS,MEGHALAYA
428,17,276,404,RI BHOI,MEGHALAYA
429,17,658,406,SOUTH WEST KHASI HILLS,MEGHALAYA
430,17,663,407,SOUTH WEST GARO HILLS,MEGHALAYA
431,17,656,408,NORTH GARO HILLS,MEGHALAYA
432,17,275,409,WEST JAINTIA HILLS,MEGHALAYA
433,15,262,83,CHAMPHAI,MIZORAM
434,15,267,314,SAIHA,MIZORAM
435,15,264,391,LAWNGTLAI,MIZORAM
436,15,268,392,SERCHHIP,MIZORAM
437,15,263,393,KOLASIB,MIZORAM
438,15,266,394,MAMIT,MIZORAM
439,15,265,395,LUNGLEI,MIZORAM
440,15,261,410,AIZAWL,MIZORAM
441,13,613,475,PAREN,NAGALAND
442,13,248,513,PHEK,NAGALAND
443,13,250,536,WOKHA,NAGALAND
444,13,244,615,DIMAPUR,NAGALAND
445,13,245,616,KOHIMA,NAGALAND
446,13,614,617,KIPHIRE,NAGALAND
447,13,251,618,ZUNHEBOTO,NAGALAND
448,13,246,619,MOKOKCHUNG,NAGALAND
449,13,247,620,MON,NAGALAND
450,13,249,621,TUENSANG,NAGALAND
451,13,615,624,LONGLENG,NAGALAND
452,21,344,25,ANUGUL,ODISHA
453,21,345,37,BOLANGIR BALANGIR,ODISHA
454,21,346,38,BALASORE BALESHWAR,ODISHA
455,21,347,49,BARAGARH,ODISHA
456,21,348,62,BHADRAK,ODISHA
457,21,350,100,CUTTACK,ODISHA
458,21,351,111,DEOGARH,ODISHA
459,21,352,121,DHENKANAL,ODISHA
460,21,353,140,GAJAPATI,ODISHA
461,21,354,141,GANJAM,ODISHA
462,21,355,173,JAGATSINGHPUR,ODISHA
463,21,356,176,JAJAPUR,ODISHA
464,21,357,187,JHARSUGUDA,ODISHA
465,21,358,193,KALAHANDI,ODISHA
466,21,359,194,KANDHAMAL,ODISHA
467,21,360,207,KENDRAPARHA,ODISHA
468,21,361,208,KEONJHAR (KENDUJHAR),ODISHA
469,21,362,210,KHORDHA,ODISHA
470,21,363,221,KORAPUT,ODISHA
471,21,364,243,MALKANGIRI,ODISHA
472,21,365,250,MAYURBHANJ,ODISHA
473,21,366,258,NABARANGAPUR,ODISHA
474,21,367,264,NAYAGARH,ODISHA
475,21,368,276,NUAPARHA,ODISHA
476,21,369,293,PURI,ODISHA
477,21,370,307,RAYAGARHA,ODISHA
478,21,371,315,SAMBALPUR,ODISHA
479,21,372,352,SUBARNAPUR,ODISHA
480,21,373,355,SUNDARGARH,ODISHA
481,21,349,390,BAUDH BAUDA,ODISHA
482,34,598,201,KARAIKAL,PUDUCHERRY
483,34,599,237,MAHE,PUDUCHERRY
484,34,600,291,PUDUCHERRY,PUDUCHERRY
485,34,601,389,YANAM,PUDUCHERRY
486,3,27,446,AMRITSAR,PUNJAB
487,3,605,455,BARNALA,PUNJAB
488,3,28,456,BATHINDA,PUNJAB
489,3,29,479,FARIDKOT,PUNJAB
490,3,30,481,FATEHGARH SAHIB,PUNJAB
491,3,651,482,FAZILKA,PUNJAB
492,3,31,483,FIROZPUR,PUNJAB
493,3,32,488,GURDASPUR,PUNJAB
494,3,33,493,HOSHIARPUR,PUNJAB
495,3,34,497,JALANDHAR,PUNJAB
496,3,35,505,KAPURTHALA,PUNJAB
497,3,36,525,LUDHIANA,PUNJAB
498,3,37,532,MANSA,PUNJAB
499,3,38,535,MOGA,PUNJAB
500,3,39,537,SRI MUKTSAR SAHIB,PUNJAB
501,3,40,550,SHAHID BHAGAT SINGH NAGAR,PUNJAB
502,3,662,562,PATHANKOT,PUNJAB
503,3,41,563,PATIALA,PUNJAB
504,3,42,576,RUPNAGAR,PUNJAB
505,3,43,580,SANGRUR,PUNJAB
506,3,608,582,SAS NAGAR SAHIBZADA AJIT SINGH NAGAR,PUNJAB
507,3,609,597,TARN TARAN,PUNJAB
508,8,86,14,AJMER,RAJASTHAN
509,8,87,20,ALWAR,RAJASTHAN
510,8,88,47,BANSWARA,RAJASTHAN
511,8,89,50,BARAN,RAJASTHAN
512,8,90,52,BARMER,RAJASTHAN
513,8,91,63,BHARATPUR,RAJASTHAN
514,8,92,64,BHILWARA,RAJASTHAN
515,8,93,70,BIKANER,RAJASTHAN
516,8,94,77,BUNDI,RAJASTHAN
517,8,95,95,CHITTAURGARH,RAJASTHAN
518,8,96,98,CHURU,RAJASTHAN
519,8,97,108,DAUSA,RAJASTHAN
520,8,98,122,DHAULPUR,RAJASTHAN
521,8,99,125,DUNGARPUR,RAJASTHAN
522,8,101,159,HANUMANGARH,RAJASTHAN
523,8,102,174,JAIPUR,RAJASTHAN
524,8,103,175,JAISALMER,RAJASTHAN
525,8,104,178,JALOR,RAJASTHAN
526,8,105,185,JHALAWAR,RAJASTHAN
527,8,106,188,JHUNJHUNUN,RAJASTHAN
528,8,107,189,JODHPUR,RAJASTHAN
529,8,108,202,KARAULI,RAJASTHAN
530,8,100,213,GANGANAGAR,RAJASTHAN
531,8,109,224,KOTA,RAJASTHAN
532,8,110,259,NAGAUR,RAJASTHAN
533,8,111,280,PALI,RAJASTHAN
534,8,629,288,PRATAPGARH,RAJASTHAN
535,8,112,301,RAJ SAMAND,RAJASTHAN
536,8,113,320,SAWAI MADHOPUR,RAJASTHAN
537,8,114,336,SIKAR,RAJASTHAN
538,8,115,340,SIROHI,RAJASTHAN
539,8,116,363,TONK,RAJASTHAN
540,8,117,365,UDAIPUR,RAJASTHAN
541,11,225,128,EAST,SIKKIM
542,11,226,270,NORTH,SIKKIM
543,11,227,345,SOUTH,SIKKIM
544,11,228,381,WEST,SIKKIM
545,33,610,667,ARIYALUR,TAMIL NADU
546,33,730,668,CHENGALPATTU,TAMIL NADU
547,33,568,669,CHENNAI,TAMIL NADU
548,33,569,670,COIMBATORE,TAMIL NADU
549,33,570,671,CUDDALORE,TAMIL NADU
550,33,571,672,DHARMAPURI,TAMIL NADU
551,33,572,673,DINDIGUL,TAMIL NADU
552,33,573,674,ERODE,TAMIL NADU
553,33,574,675,KANCHIPURAM,TAMIL NADU
554,33,729,676,KALLAKKURICHI,TAMIL NADU
555,33,575,677,KANYAKUMARI,TAMIL NADU
556,33,576,678,KARUR,TAMIL NADU
557,33,578,679,MADURAI,TAMIL NADU
558,33,587,680,NILGIRIS,TAMIL NADU
559,33,579,681,NAGAPATTINAM,TAMIL NADU
560,33,580,682,NAMAKKAL,TAMIL NADU
561,33,581,683,PERAMBALUR,TAMIL NADU
562,33,582,684,PUDUKKOTTAI,TAMIL NADU
563,33,583,685,RAMANATHAPURAM,TAMIL NADU
564,33,731,686,RANIPPETTAI,TAMIL NADU
565,33,584,687,SALEM,TAMIL NADU
566,33,585,688,SIVAGANGA,TAMIL NADU
567,33,588,689,TENI,TAMIL NADU
568,33,733,690,TENKASI,TAMIL NADU
569,33,586,691,THANJAVUR,TAMIL NADU
570,33,590,692,THIRUVARUR,TAMIL NADU
571,33,591,693,TIRUCHIRAPALLI,TAMIL NADU
572,33,592,694,TIRUNELVELI,TAMIL NADU
573,33,634,695,TIRUPPUR,TAMIL NADU
574,33,732,696,TIRUPPATTUR,TAMIL NADU
575,33,589,697,TIRUVALLUR,TAMIL NADU
576,33,593,698,TIRUVANNAMALAI,TAMIL NADU
577,33,594,699,TUTICORIN,TAMIL NADU
578,33,595,700,VELLORE,TAMIL NADU
579,33,596,701,VILLUPURAM,TAMIL NADU
580,33,597,702,VIRUDHUNAGAR,TAMIL NADU
581,33,577,703,KRISHNAGIRI,TAMIL NADU
582,36,501,440,ADILABAD,TELANGANA
583,36,507,495,HYDERABAD,TELANGANA
584,36,508,506,KARIMNAGAR,TELANGANA
585,36,690,510,BHADRADRI KOTHAGUDEM,TELANGANA
586,36,512,528,MAHABUBNAGAR,TELANGANA
587,36,692,533,SIDDIPET,TELANGANA
588,36,514,545,NALGONDA,TELANGANA
589,36,516,551,NIZAMABAD,TELANGANA
590,36,518,571,RANGAREDDY,TELANGANA
591,36,720,608,MULUGU,TELANGANA
592,36,695,634,JOGULAMBA GADWAL,TELANGANA
593,36,699,643,KUMURAM BHEEM,TELANGANA
594,36,684,644,MANCHERIAL,TELANGANA
595,36,680,645,NIRMAL,TELANGANA
596,36,685,646,KAMAREDDY,TELANGANA
597,36,691,647,SANGAREDDY,TELANGANA
598,36,694,648,NAGARKURNOOL,TELANGANA
599,36,693,649,WANAPARTHY,TELANGANA
600,36,721,650,NARAYANPET,TELANGANA
601,36,698,651,VIKARABAD,TELANGANA
602,36,700,652,MEDCHAL MALKAJGIRI,TELANGANA
603,36,697,653,YADADRI BHUVANAGIRI,TELANGANA
604,36,696,654,SURYAPET,TELANGANA
605,36,509,655,KHAMMAM,TELANGANA
606,36,688,656,MAHABUBABAD,TELANGANA
607,36,689,657,JANGAON,TELANGANA
608,36,686,658,WARANGAL URBAN,TELANGANA
609,36,522,659,WARANGAL RURAL,TELANGANA
610,36,687,660,JAYASHANKAR BHUPALAPALLY,TELANGANA
611,36,682,661,PEDDAPALLI,TELANGANA
612,36,681,662,JAGTIAL,TELANGANA
613,36,683,663,RANJANNA SIRCILLA,TELANGANA
614,36,513,664,MEDAK,TELANGANA
615,16,269,114,DHALAI,TRIPURA
616,16,654,150,GOMATI,TRIPURA
617,16,652,211,KHOWAI,TRIPURA
618,16,270,274,NORTH TRIPURA,TRIPURA
619,16,653,323,SEPAHIJALA,TRIPURA
620,16,271,349,SOUTH TRIPURA,TRIPURA
621,16,655,372,UNOKOTI,TRIPURA
622,16,272,387,WEST TRIPURA,TRIPURA
623,9,118,13,AGRA,UTTAR PRADESH
624,9,119,16,ALIGARH,UTTAR PRADESH
625,9,121,21,AMBEDKARNAGAR,UTTAR PRADESH
626,9,640,22,AMETHI,UTTAR PRADESH
627,9,154,23,AMROHA,UTTAR PRADESH
628,9,122,29,AURAIYA,UTTAR PRADESH
629,9,123,30,AZAMGARH,UTTAR PRADESH
630,9,133,31,BUDAUN,UTTAR PRADESH
631,9,124,34,BAGHPAT,UTTAR PRADESH
632,9,125,35,BAHRAICH,UTTAR PRADESH
633,9,126,40,BALLIA,UTTAR PRADESH
634,9,127,44,BALRAMPUR,UTTAR PRADESH
635,9,128,46,BANDA,UTTAR PRADESH
636,9,129,48,BARABANKI,UTTAR PRADESH
637,9,130,51,BAREILLY,UTTAR PRADESH
638,9,131,55,BASTI,UTTAR PRADESH
639,9,179,61,BHADOHI,UTTAR PRADESH
640,9,132,69,BIJNOR,UTTAR PRADESH
641,9,134,76,BULANDSHAHR,UTTAR PRADESH
642,9,135,84,CHANDAULI,UTTAR PRADESH
643,9,136,94,CHITRAKOOT,UTTAR PRADESH
644,9,137,112,DEORIA,UTTAR PRADESH
645,9,140,118,AYODHYA,UTTAR PRADESH
646,9,138,134,ETAH,UTTAR PRADESH
647,9,139,135,ETAWAH,UTTAR PRADESH
648,9,141,136,FARRUKHABAD,UTTAR PRADESH
649,9,142,137,FATEHPUR,UTTAR PRADESH
650,9,143,138,FIROZABAD,UTTAR PRADESH
651,9,144,144,GAUTAMBUDHNAGAR,UTTAR PRADESH
652,9,146,145,GAZIPUR,UTTAR PRADESH
653,9,145,146,GHAZIABAD,UTTAR PRADESH
654,9,147,151,GONDA,UTTAR PRADESH
655,9,148,152,GORAKHPUR,UTTAR PRADESH
656,9,149,158,HAMIRPUR,UTTAR PRADESH
657,9,661,160,HAPUR,UTTAR PRADESH
658,9,150,162,HARDOI,UTTAR PRADESH
659,9,163,165,HATHRAS,UTTAR PRADESH
660,9,151,177,JALAUN,UTTAR PRADESH
661,9,152,182,JAUNPUR,UTTAR PRADESH
662,9,153,186,JHANSI,UTTAR PRADESH
663,9,155,197,KANNAUJ,UTTAR PRADESH
664,9,157,199,KANPUR,UTTAR PRADESH
665,9,156,200,KANPUR DEHAT,UTTAR PRADESH
666,9,633,204,KASGANJ,UTTAR PRADESH
667,9,158,206,KAUSHAMBI,UTTAR PRADESH
668,9,159,209,KHERI,UTTAR PRADESH
669,9,160,230,KUSHINAGAR,UTTAR PRADESH
670,9,161,232,LALITPUR,UTTAR PRADESH
671,9,162,235,LUCKNOW,UTTAR PRADESH
672,9,165,239,MAHOBA,UTTAR PRADESH
673,9,166,240,MAINPURI,UTTAR PRADESH
674,9,167,248,MATHURA,UTTAR PRADESH
675,9,168,249,MAU,UTTAR PRADESH
676,9,169,251,MEERUT,UTTAR PRADESH
677,9,170,252,MIRZAPUR,UTTAR PRADESH
678,9,171,253,MORADABAD,UTTAR PRADESH
679,9,172,256,MUZAFFARNAGAR,UTTAR PRADESH
680,9,173,286,PILIBHIT,UTTAR PRADESH
681,9,174,290,PRATAPGARH,UTTAR PRADESH
682,9,175,294,RAIBEARELI,UTTAR PRADESH
683,9,176,304,RAMPUR,UTTAR PRADESH
684,9,177,312,SAHARANPUR,UTTAR PRADESH
685,9,659,316,SAMBHAL,UTTAR PRADESH
686,9,178,317,SANTKABIRNAGAR,UTTAR PRADESH
687,9,180,326,SHAHJAHANPUR,UTTAR PRADESH
688,9,660,328,SHAMLI,UTTAR PRADESH
689,9,181,333,SHRAWASTI,UTTAR PRADESH
690,9,182,334,SIDDHARTHNAGAR,UTTAR PRADESH
691,9,183,341,SITAPUR,UTTAR PRADESH
692,9,184,343,SONBHADRA,UTTAR PRADESH
693,9,185,354,SULTANPUR,UTTAR PRADESH
694,9,186,371,UNNAO,UTTAR PRADESH
695,9,187,375,VARANASI,UTTAR PRADESH
696,9,120,403,PRAYAGRAJ,UTTAR PRADESH
697,9,164,529,MAHARAJGANJ,UTTAR PRADESH
698,5,45,19,ALMORA,UTTARAKHAND
699,5,46,33,BAGESHWAR,UTTARAKHAND
700,5,48,82,CHAMPAWAT,UTTARAKHAND
701,5,49,110,DEHRADUN,UTTARAKHAND
702,5,50,163,HARIDWAR,UTTARAKHAND
703,5,51,260,NAINITAL,UTTARAKHAND
704,5,52,285,PAURI GARHWAL,UTTARAKHAND
705,5,54,309,RUDRAPRAYAG,UTTARAKHAND
706,5,55,359,TEHRI GARHWAL,UTTARAKHAND
707,5,56,366,UDHAM SINGH NAGAR,UTTARAKHAND
708,5,47,467,CHAMOLI,UTTARAKHAND
709,5,53,565,PITHORAGARH,UTTARAKHAND
710,5,57,606,UTTARKASHI,UTTARAKHAND
711,19,664,443,ALIPUR DUAR,WEST BENGAL
712,19,305,453,BANKURA,WEST BENGAL
713,19,306,454,PURBA BARDDHAMAN,WEST BENGAL
714,19,307,464,BIRBHUM,WEST BENGAL
715,19,310,470,DAKSHIN DINAJPUR,WEST BENGAL
716,19,309,472,DARJILING,WEST BENGAL
717,19,317,477,PURBA MEDINIPUR,WEST BENGAL
718,19,313,490,HAORA,WEST BENGAL
719,19,312,494,HUGLI,WEST BENGAL
720,19,314,500,JALPAIGURI,WEST BENGAL
721,19,308,515,KOCH BIHAR,WEST BENGAL
722,19,315,517,KOLKATA,WEST BENGAL
723,19,316,531,MALDAH,WEST BENGAL
724,19,319,540,MURSHIDABAD,WEST BENGAL
725,19,320,542,NADIA,WEST BENGAL
726,19,303,552,NORTH TWENTY FOUR PARGANAS,WEST BENGAL
727,19,318,561,PASCHIM MEDINIPUR,WEST BENGAL
728,19,321,569,PURULIYA,WEST BENGAL
729,19,304,593,SOUTH TWENTY FOUR PARGANAS,WEST BENGAL
730,19,311,605,UTTAR DINAJPUR,WEST BENGAL
731,19,703,631,JHARGRAM,WEST BENGAL
732,19,704,632,PASCHIM BARDDHAMAN,WEST BENGAL
733,19,702,633,KALIMPONG,WEST BENGAL
